Workbook

Sheet Treaty Register
A1: Treaty ID | B1: Cedent | C1: Line of Business | D1: Treaty Type | E1: Structure | F1: Inception | G1: Expiry | H1: Gross Premium ($m) | I1: Cession / Rate (%) | J1: Ceded Premium ($m) | K1: Limit ($m) | L1: Retention ($m) | M1: Broker | N1: Status
A2: MR-2026-001 | B2: Northbridge Insurance Co | C2: Property Catastrophe | D2: Non-Proportional | E2: Cat XL | F2: 2026-01-01 | G2: 2026-12-31 | H2: 42 | I2: 8.5 | J2: =H2*I2/100 -> 3.57 | K2: 150 | L2: 25 | M2: Aon | N2: In Force
A3: MR-2026-002 | B3: Pacific Shield Mutual | C3: Property Catastrophe | D3: Non-Proportional | E3: Cat XL | F3: 2026-01-01 | G3: 2026-12-31 | H3: 61.5 | I3: 7.2 | J3: =H3*I3/100 -> 4.428 | K3: 200 | L3: 40 | M3: Guy Carpenter | N3: In Force
A4: MR-2026-003 | B4: Ironclad P&C | C4: Casualty | D4: Proportional | E4: Quota Share | F4: 2026-01-01 | G4: 2026-12-31 | H4: 88 | I4: 30 | J4: =H4*I4/100 -> 26.4 | K4: 0 | L4: 0 | M4: Howden Re | N4: In Force
A5: MR-2026-004 | B5: Ironclad P&C | C5: Casualty | D5: Non-Proportional | E5: Per Risk XL | F5: 2026-01-01 | G5: 2026-12-31 | H5: 24 | I5: 11 | J5: =H5*I5/100 -> 2.64 | K5: 20 | L5: 5 | M5: Howden Re | N5: In Force
A6: MR-2026-005 | B6: Coastal Homes Insurance | C6: Homeowners | D6: Proportional | E6: Quota Share | F6: 2026-06-01 | G6: 2027-05-31 | H6: 120 | I6: 25 | J6: =H6*I6/100 -> 30 | K6: 0 | L6: 0 | M6: Aon | N6: In Force
A7: MR-2026-006 | B7: Coastal Homes Insurance | C7: Property Catastrophe | D7: Non-Proportional | E7: Cat XL | F7: 2026-06-01 | G7: 2027-05-31 | H7: 35 | I7: 9.8 | J7: =H7*I7/100 -> 3.43 | K7: 100 | L7: 15 | M7: Aon | N7: In Force
A8: MR-2026-007 | B8: Redwood Specialty | C8: Marine & Energy | D8: Proportional | E8: Surplus Share | F8: 2026-01-01 | G8: 2026-12-31 | H8: 46 | I8: 40 | J8: =H8*I8/100 -> 18.4 | K8: 0 | L8: 0 | M8: Gallagher Re | N8: In Force
A9: MR-2026-008 | B9: Aurora Life & Annuity | C9: Life | D9: Proportional | E9: Quota Share | F9: 2026-01-01 | G9: 2028-12-31 | H9: 95 | I9: 50 | J9: =H9*I9/100 -> 47.5 | K9: 0 | L9: 0 | M9: Direct | N9: In Force
A10: MR-2026-009 | B10: Summit Auto Group | C10: Motor | D10: Non-Proportional | E10: Per Risk XL | F10: 2026-01-01 | G10: 2026-12-31 | H10: 18.5 | I10: 6.5 | J10: =H10*I10/100 -> 1.2025 | K10: 10 | L10: 2 | M10: Guy Carpenter | N10: In Force
A11: MR-2026-010 | B11: Heartland Farm Bureau | C11: Agriculture | D11: Proportional | E11: Stop Loss | F11: 2026-01-01 | G11: 2026-12-31 | H11: 52 | I11: 12 | J11: =H11*I11/100 -> 6.24 | K11: 60 | L11: 0 | M11: Gallagher Re | N11: In Force
A12: MR-2025-011 | B12: Northbridge Insurance Co | C12: Property Catastrophe | D12: Non-Proportional | E12: Cat XL | F12: 2025-01-01 | G12: 2025-12-31 | H12: 39 | I12: 8 | J12: =H12*I12/100 -> 3.12 | K12: 150 | L12: 25 | M12: Aon | N12: Expired
A13: MR-2025-012 | B13: Vanguard Cyber Insurance | C13: Cyber | D13: Proportional | E13: Quota Share | F13: 2025-07-01 | G13: 2026-06-30 | H13: 28 | I13: 35 | J13: =H13*I13/100 -> 9.8 | K13: 0 | L13: 0 | M13: Howden Re | N13: In Force
... A16: MR-2026-015 | B16: Sentinel Workers Comp | C16: Workers Compensation | D16: Non-Proportional | E16: Per Risk XL | F16: 2026-01-01 | G16: 2026-12-31 | H16: 33 | I16: 7.8 | J16: =H16*I16/100 -> 2.574 | K16: 25 | L16: 5 | M16: Aon | N16: Pending Signing
G17: Total | H17: =SUM(H2:H16) -> 719 | J17: =SUM(J2:J16) -> 163.7145

Sheet Claims Bordereau
A1: Claim Ref | B1: Treaty ID | C1: Cedent | D1: Event / Cause of Loss | E1: Date of Loss | F1: Gross Incurred ($m) | G1: Ceded Incurred ($m) | H1: Paid to Date ($m) | I1: Outstanding Reserve ($m) | J1: Claim Status
A2: CLM-26-0001 | B2: MR-2026-001 | C2: Northbridge Insurance Co | D2: Hurricane Odette - FL wind | E2: 2026-06-14 | F2: 68 | G2: 31 | H2: 12.5 | I2: =G2-H2 -> 18.5 | J2: Open
A3: CLM-26-0002 | B3: MR-2026-002 | C3: Pacific Shield Mutual | D3: Hurricane Odette - FL wind | E3: 2026-06-14 | F3: 44 | G3: 18 | H3: 6 | I3: =G3-H3 -> 12 | J3: Open
A4: CLM-26-0003 | B4: MR-2026-006 | C4: Coastal Homes Insurance | D4: Hurricane Odette - FL wind | E4: 2026-06-14 | F4: 91 | G4: 55 | H4: 20 | I4: =G4-H4 -> 35 | J4: Open
A5: CLM-26-0004 | B5: MR-2026-003 | C5: Ironclad P&C | D5: GL liability - construction defect | E5: 2026-02-03 | F5: 9.5 | G5: 2.85 | H5: 1.1 | I5: =G5-H5 -> 1.75 | J5: Open
A6: CLM-26-0005 | B6: MR-2026-004 | C6: Ironclad P&C | D6: Umbrella loss - auto fleet | E6: 2026-03-18 | F6: 12 | G6: 7 | H6: 7 | I6: =G6-H6 -> 0 | J6: Closed
A7: CLM-26-0006 | B7: MR-2026-005 | C7: Coastal Homes Insurance | D7: Kitchen fire - single dwelling | E7: 2026-07-01 | F7: 0.8 | G7: 0.2 | H7: 0 | I7: =G7-H7 -> 0.2 | J7: Open
A8: CLM-26-0007 | B8: MR-2026-007 | C8: Redwood Specialty | D8: Cargo loss - container vessel grounding | E8: 2026-04-22 | F8: 16 | G8: 6.4 | H8: 2 | I8: =G8-H8 -> 4.4 | J8: Open
A9: CLM-25-0008 | B9: MR-2025-011 | C9: Northbridge Insurance Co | D9: Severe convective storm - TX hail | E9: 2025-05-09 | F9: 52 | G9: 21 | H9: 21 | I9: =G9-H9 -> 0 | J9: Closed
A10: CLM-26-0009 | B10: MR-2025-012 | C10: Vanguard Cyber Insurance | D10: Ransomware event - retail client | E10: 2026-01-27 | F10: 7.2 | G10: 2.5 | H10: 0.9 | I10: =G10-H10 -> 1.6 | J10: Open
A11: CLM-26-0010 | B11: MR-2026-009 | C11: Summit Auto Group | D11: Multi-vehicle bodily injury | E11: 2026-02-15 | F11: 4.5 | G11: 2.5 | H11: 0.5 | I11: =G11-H11 -> 2 | J11: Open
A12: CLM-26-0011 | B12: MR-2026-010 | C12: Heartland Farm Bureau | D12: Drought - crop yield shortfall | E12: 2026-08-30 | F12: 30 | G12: 3.6 | H12: 0 | I12: =G12-H12 -> 3.6 | J12: Open
A13: CLM-26-0012 | B13: MR-2026-014 | C13: Blue Harbor Marine | D13: Offshore platform equipment damage | E13: 2026-05-11 | F13: 19 | G13: 11 | H13: 3 | I13: =G13-H13 -> 8 | J13: Open
E14: Total | F14: =SUM(F2:F13) -> 354 | G14: =SUM(G2:G13) -> 161.05 | H14: =SUM(H2:H13) -> 74 | I14: =SUM(I2:I13) -> 87.05

Sheet Portfolio Summary
A1: Meridian Re (Bermuda) Ltd — 2026 Portfolio Summary (Synthetic Training Data)
A3: Number of treaties in register | B3: =COUNTA('Treaty Register'!A2:A16) -> 15
A4: Total gross premium written by cedents ($m) | B4: ='Treaty Register'!H17 -> 719
A5: Total ceded premium to Meridian Re ($m) | B5: ='Treaty Register'!J17 -> 163.7145
A6: Total ceded incurred losses ($m) | B6: ='Claims Bordereau'!G14 -> 161.05
A7: Total paid losses to date ($m) | B7: ='Claims Bordereau'!H14 -> 74
A8: Total outstanding reserves ($m) | B8: ='Claims Bordereau'!I14 -> 87.05
A9: Portfolio incurred loss ratio (ceded incurred / ceded premium) | B9: ='Claims Bordereau'!G14/'Treaty Register'!J17 -> 0.98372472
A10: Open claims count | B10: =COUNTIF('Claims Bordereau'!J2:J13,"Open") -> 10
A12: Note: All names, figures and events are fictional and generated for training purposes only.
